{
  "project_info": {
    "project_number": "353419182427",
    "firebase_url": "https://chatapp-1fc87-default-rtdb.firebaseio.com",
    "project_id": "chatapp-1fc87",
    "storage_bucket": "chatapp-1fc87.appspot.com"
  },
  "client": [
    {
      "client_info": {
        "mobilesdk_app_id": "1:353419182427:android:209c640e65aa92d4f21a7e",
        "android_client_info": {
          "package_name": "com.kazimasum.yrc_events"
        }
      },
      "oauth_client": [
        {
          "client_id": "353419182427-07drqu92hhvg30junt9aideil3ikqk2k.apps.googleusercontent.com",
          "client_type": 3
        }
      ],
      "api_key": [
        {
          "current_key": "AIzaSyDybQqSLOIsQV7fmWsQftmDgxOJMWvnoIs"
        }
      ],
      "services": {
        "appinvite_service": {
          "other_platform_oauth_client": [
            {
              "client_id": "353419182427-07drqu92hhvg30junt9aideil3ikqk2k.apps.googleusercontent.com",
              "client_type": 3
            }
          ]
        }
      }
    },
    {
      "client_info": {
        "mobilesdk_app_id": "1:353419182427:android:41f8a7c3e8f70f95f21a7e",
        "android_client_info": {
          "package_name": "in.dplus.chatterbox"
        }
      },
      "oauth_client": [
        {
          "client_id": "353419182427-07drqu92hhvg30junt9aideil3ikqk2k.apps.googleusercontent.com",
          "client_type": 3
        }
      ],
      "api_key": [
        {
          "current_key": "AIzaSyDybQqSLOIsQV7fmWsQftmDgxOJMWvnoIs"
        }
      ],
      "services": {
        "appinvite_service": {
          "other_platform_oauth_client": [
            {
              "client_id": "353419182427-07drqu92hhvg30junt9aideil3ikqk2k.apps.googleusercontent.com",
              "client_type": 3
            }
          ]
        }
      }
    }
  ],
  "configuration_version": "1"
}